1:00 pm GMT 29-Apr-2021, 1.6 ft (0.5 m)
2:00 pm GMT 29-Apr-2021, 1.3 ft (0.4 m)
2:00 pm GMT 29-Apr-2021, 1.3 ft (0.4 m)
2:00 pm GMT 29-Apr-2021, 1.3 ft (0.4 m)
2:00 pm GMT 29-Apr-2021, 1.3 ft (0.4 m)
2:00 pm GMT 29-Apr-2021, 1.3 ft (0.4 m)
2:00 pm GMT 29-Apr-2021, 1.3 ft (0.4 m)
2:00 pm GMT 29-Apr-2021, 1.3 ft (0.4 m)
3:00 pm GMT 29-Apr-2021, 1.3 ft (0.4 m)
4:00 pm GMT 29-Apr-2021, 1.3 ft (0.4 m)
5:00 pm GMT 29-Apr-2021, 1.6 ft (0.5 m)
6:00 pm GMT 29-Apr-2021, 1.6 ft (0.5 m)
7:00 pm GMT 29-Apr-2021, 1.3 ft (0.4 m)
8:00 pm GMT 29-Apr-2021, 1.3 ft (0.4 m)
9:00 pm GMT 29-Apr-2021, 1.3 ft (0.4 m)
10:00 pm GMT 29-Apr-2021, 1.3 ft (0.4 m)
11:00 pm GMT 29-Apr-2021, 1.3 ft (0.4 m)
12:00 am GMT 30-Apr-2021, 1.0 ft (0.3 m)
1:00 am GMT 30-Apr-2021, 1.0 ft (0.3 m)
2:00 am GMT 30-Apr-2021, 1.0 ft (0.3 m)
3:00 am GMT 30-Apr-2021, 0.7 ft (0.2 m)
4:00 am GMT 30-Apr-2021, 1.0 ft (0.3 m)
5:00 am GMT 30-Apr-2021, 1.0 ft (0.3 m)
6:00 am GMT 30-Apr-2021, 1.0 ft (0.3 m)
7:00 am GMT 30-Apr-2021, 1.0 ft (0.3 m)
8:00 am GMT 30-Apr-2021, 1.0 ft (0.3 m)
9:00 am GMT 30-Apr-2021, 1.0 ft (0.3 m)
10:00 am GMT 30-Apr-2021, 1.0 ft (0.3 m)
11:00 am GMT 30-Apr-2021, 1.0 ft (0.3 m)
12:00 pm GMT 30-Apr-2021, 1.0 ft (0.3 m)
1:00 pm GMT 30-Apr-2021, 1.0 ft (0.3 m)
2:00 pm GMT 30-Apr-2021, 0.7 ft (0.2 m)
3:00 pm GMT 30-Apr-2021, 0.7 ft (0.2 m)
4:00 pm GMT 30-Apr-2021, 0.7 ft (0.2 m)
5:00 pm GMT 30-Apr-2021, 0.7 ft (0.2 m)
6:00 pm GMT 30-Apr-2021, 0.7 ft (0.2 m)
7:00 pm GMT 30-Apr-2021, 1.0 ft (0.3 m)
8:00 pm GMT 30-Apr-2021, 1.0 ft (0.3 m)
9:00 pm GMT 30-Apr-2021, 1.0 ft (0.3 m)
10:00 pm GMT 30-Apr-2021, 1.0 ft (0.3 m)
12:00 am GMT 01-May-2021, 1.0 ft (0.3 m)
1:00 am GMT 01-May-2021, 1.0 ft (0.3 m)
2:00 am GMT 01-May-2021, 0.7 ft (0.2 m)
3:00 am GMT 01-May-2021, 0.7 ft (0.2 m)
4:00 am GMT 01-May-2021, 0.7 ft (0.2 m)
5:00 am GMT 01-May-2021, 0.7 ft (0.2 m)
6:00 am GMT 01-May-2021, 0.7 ft (0.2 m)
7:00 am GMT 01-May-2021, 1.0 ft (0.3 m)
8:00 am GMT 01-May-2021, 1.0 ft (0.3 m)
9:00 am GMT 01-May-2021, 1.0 ft (0.3 m)
10:00 am GMT 01-May-2021, 1.0 ft (0.3 m)
11:00 am GMT 01-May-2021, 1.0 ft (0.3 m)
12:00 pm GMT 01-May-2021, 1.0 ft (0.3 m)
1:00 pm GMT 01-May-2021, 1.0 ft (0.3 m)
2:00 pm GMT 01-May-2021, 1.0 ft (0.3 m)
3:00 pm GMT 01-May-2021, 1.0 ft (0.3 m)
5:00 am GMT 02-May-2021, 7.2 ft (2.2 m)
6:00 am GMT 02-May-2021, 0.7 ft (0.2 m)
7:00 pm GMT 02-May-2021, 1.0 ft (0.3 m)
1:00 pm GMT 03-May-2021, 4.3 ft (1.3 m)
2:00 pm GMT 03-May-2021, 4.9 ft (1.5 m)
3:00 pm GMT 03-May-2021, 5.2 ft (1.6 m)
4:00 pm GMT 03-May-2021, 6.9 ft (2.1 m)
5:00 pm GMT 03-May-2021, 8.2 ft (2.5 m)
7:00 am GMT 04-May-2021, 9.8 ft (3.0 m)
8:00 am GMT 04-May-2021, 9.2 ft (2.8 m)
9:00 am GMT 04-May-2021, 9.2 ft (2.8 m)
10:00 am GMT 04-May-2021, 8.5 ft (2.6 m)
11:00 am GMT 04-May-2021, 8.2 ft (2.5 m)